{"learning_rate": 4.909093465297727e-93, "hidden_dim": 196, "reg_strength": 1, "best_epoch": 3, "best_acc": 0.8781022625336389}