{"learning_rate": 6.223015277861142e-65, "hidden_dim": 98, "reg_strength": 0.5, "best_epoch": 299, "best_acc": 0.16344812120003985}